frame,class_id,confidence,bbox(xyxy)
1,0,0.8678357601165771,"[163.95770263671875, 26.052337646484375, 604.3095703125, 479.62115478515625]"
2,0,0.917593240737915,"[194.170654296875, 56.417572021484375, 608.75146484375, 479.6225280761719]"
3,0,0.8772948980331421,"[159.649169921875, 125.022216796875, 553.775390625, 479.55242919921875]"
4,0,0.86424320936203,"[123.99815368652344, 105.2119140625, 579.401123046875, 479.3614501953125]"
4,27,0.26224732398986816,"[195.8382568359375, 294.6202392578125, 327.9241943359375, 480.0]"
5,0,0.8605620265007019,"[0.385406494140625, 44.273040771484375, 268.9341125488281, 478.9810485839844]"
6,28,0.25873062014579773,"[0.5836334228515625, 235.5535888671875, 218.9365692138672, 479.434814453125]"
7,0,0.29165300726890564,"[0.298736572265625, 268.37396240234375, 151.2259521484375, 479.569580078125]"
